TIPO;ID;DATO1;DATO2;DATO3;DATO4;DATO5;DATO6
VIAJE;1;Valparaíso;Santiago;50000.0;8000.0;2026-10-05T08:00:00;120
BUS_VIAJE;1;1;40
PASAJERO;101;Juan Pérez;22;1;1;Normal
PASAJERO;102;María González;25;1;1;Normal
BUS_VIAJE;1;2;40
PASAJERO;103;Carlos Soto;31;1;2;Normal
PASAJERO;104;Ana Muñoz;28;1;2;Normal
VIAJE;2;Santiago;Concepción;70000.0;12000.0;2026-10-06T10:30:00;120
BUS_VIAJE;2;1;40
PASAJERO;201;Pedro Rojas;35;2;1;Normal
PASAJERO;202;Camila Torres;20;2;1;Normal
BUS_VIAJE;2;3;50
PASAJERO;203;Diego Castro;27;2;3;Normal
PASAJERO;204;Sofía Herrera;24;2;3;Normal
PASAJERO;205;Felipe Vargas;42;2;3;Normal
VIAJE;3;Viña del Mar;La Serena;60000.0;10000.0;2026-10-07T14:00:00;120
BUS_VIAJE;3;2;40
PASAJERO;301;Laura Silva;29;3;2;Normal
PASAJERO;302;Andrés Morales;33;3;2;Normal
BUS_VIAJE;3;3;50
PASAJERO;303;Valentina Díaz;21;3;3;Normal
PASAJERO;304;Tomás Fuentes;26;3;3;Normal
VIAJE;4;Valparaiso;Santiago;100000.0;5000.0;2026-09-30T11:20:00;120
BUS_VIAJE;4;1;40
PASAJERO;93;viejito;98;4;1;AdultoMayor
PASAJERO;67;Estudiante1;16;4;1;Estudiante
BUS_VIAJE;4;2;40
BUS_VIAJE;4;3;50
